{
  "M1max": 0.00012878671338338742,
  "M2max": 0.008649089030428256,
  "M6": 0.048131465287326425,
  "score": 0.5493946213334598
}
