{
  "M1max": 3.83259999629842e-14,
  "M2max": 0.005,
  "M6": 0.074762200305304,
  "score": 0.5662476663336868
}
