{
  "cfg_id": "cfg-89f62376",
  "config": {
    "feature_refine": true,
    "mesher": "varyhedron",
    "order": 1
  },
  "error": "solve_elastostatics: factorization failed — system is singular (insufficient constraints?)",
  "geom_class": {
    "curved_frac": 0.9,
    "min_feature_h": 2.8571428571428577,
    "thin": false
  },
  "mesh_ms": 4345.133049,
  "n_dof": 1887,
  "n_elems": 1820,
  "n_nodes": 629,
  "part": "plate_hole",
  "quality": {
    "M1max": 0.00012878671338338742,
    "M2max": 0.008649089030428256,
    "M6": 0.048131465287326425,
    "score": 0.5493946213334598
  },
  "solve_ms": 0.0,
  "status": "solve_fail",
  "tier": 0
}
