{
  "M1max": 0.00018643661476630983,
  "M2max": 0.0008281065931691053,
  "M6": 0.04383306406924556,
  "score": 0.8191517220792394
}
