{
  "accuracy": {
    "all": [
      {
        "metric": "tip_deflection",
        "rel_err": 1.5258520512112184,
        "score": 0.2468097310961378,
        "truth": 1.6e-07,
        "value": 4.0413632819379493e-07
      }
    ],
    "metric": "tip_deflection",
    "rel_err": 1.5258520512112184,
    "score": 0.2468097310961378,
    "truth": 1.6e-07,
    "value": 4.0413632819379493e-07
  },
  "answers": {
    "sigma_max": 1749847.722891409,
    "tip_deflection": 4.0413632819379493e-07
  },
  "cfg_id": "cfg-89f62376",
  "config": {
    "feature_refine": true,
    "mesher": "varyhedron",
    "order": 1
  },
  "geom_class": {
    "curved_frac": 0.9957657021877205,
    "min_feature_h": 18.004820788542474,
    "thin": false
  },
  "mesh_ms": 144.892114,
  "n_dof": 4146,
  "n_elems": 6367,
  "n_nodes": 1382,
  "part": "sphere",
  "quality": {
    "M1max": 0.00018643661476630983,
    "M2max": 0.0008281065931691053,
    "M6": 0.04383306406924556,
    "score": 0.8191517220792394
  },
  "solve_ms": 33.454287,
  "status": "ok",
  "tier": 1
}
