{
  "M1max": 0.0009740429611903524,
  "M2max": 0.0006712691034000135,
  "M6": 0.0330756276698112,
  "score": 0.7994496301355529
}
