{
  "M1max": 0.0002656282546138297,
  "M2max": 0.001226072350288349,
  "M6": 0.053945426740154775,
  "score": 0.8198454275432979
}
