{
  "accuracy": {
    "all": [
      {
        "metric": "tip_deflection",
        "rel_err": 1.4736265154645947,
        "score": 0.25334073903151794,
        "truth": 1.6e-07,
        "value": 3.9578024247433516e-07
      }
    ],
    "metric": "tip_deflection",
    "rel_err": 1.4736265154645947,
    "score": 0.25334073903151794,
    "truth": 1.6e-07,
    "value": 3.9578024247433516e-07
  },
  "answers": {
    "sigma_max": 1514669.4946741513,
    "tip_deflection": 3.9578024247433516e-07
  },
  "cfg_id": "cfg-89f62376",
  "config": {
    "feature_refine": true,
    "mesher": "varyhedron",
    "order": 1
  },
  "geom_class": {
    "curved_frac": 0.9957657021877205,
    "min_feature_h": 18.004820788542474,
    "thin": false
  },
  "mesh_ms": 57.352743,
  "n_dof": 1197,
  "n_elems": 1642,
  "n_nodes": 399,
  "part": "sphere",
  "quality": {
    "M1max": 0.0002656282546138297,
    "M2max": 0.001226072350288349,
    "M6": 0.053945426740154775,
    "score": 0.8198454275432979
  },
  "solve_ms": 5.728867,
  "status": "ok",
  "tier": 0
}
