{
  "M1max": 0.00023937879343897966,
  "M2max": 0.001962773985900882,
  "M6": 0.02484249317750572,
  "score": 0.7733821735544429
}
