{
  "M1max": 0.0007131469022866466,
  "M2max": 0.002605605343358103,
  "M6": 0.030588548384274876,
  "score": 0.7032715171477764
}
