{
  "M1max": 4.069313131953196e-14,
  "M2max": 0.0020946334622899917,
  "M6": 1.0,
  "score": 0.8575079277342674
}
