{
  "M1max": 4.773964048686312e-15,
  "M2max": 0.0015869511907492821,
  "M6": 0.0,
  "score": 0.7492705649749389
}
