{
  "M1max": 0.00023953294668977915,
  "M2max": 0.0021103395103379825,
  "M6": 0.023800313118391786,
  "score": 0.7681297350178713
}
