{
  "cfg_id": "cfg-89f62376",
  "config": {
    "feature_refine": true,
    "mesher": "varyhedron",
    "order": 1
  },
  "error": "solve_elastostatics: factorization failed — system is singular (insufficient constraints?)",
  "geom_class": {
    "curved_frac": 0.9318181818181818,
    "min_feature_h": 28.551265275628406,
    "thin": false
  },
  "mesh_ms": 11261.453119,
  "n_dof": 7224,
  "n_elems": 9995,
  "n_nodes": 2408,
  "part": "cylinder",
  "quality": {
    "M1max": 0.00023953294668977915,
    "M2max": 0.0021103395103379825,
    "M6": 0.023800313118391786,
    "score": 0.7681297350178713
  },
  "solve_ms": 0.0,
  "status": "solve_fail",
  "tier": 0
}
