{
  "M1max": 0.0006947358820723825,
  "M2max": 0.0016885255099279835,
  "M6": 0.1760392194187194,
  "score": 0.7332981469839908
}
