{
  "M1max": 0.01551629660646802,
  "M2max": 0.014545703832120099,
  "M6": 0.008882920172806032,
  "score": 0.0014212672276489651
}
