{
  "M1max": 0.0028848426659223297,
  "M2max": 0.0042333131167561835,
  "M6": 1.0,
  "score": 0.6692274457354261
}
