{
  "accuracy": {
    "all": [
      {
        "metric": "sigma_max",
        "rel_err": 597771499849311.6,
        "score": 1.6728800223029734e-15,
        "truth": 1000000.0,
        "value": 5.977714998493126e+20
      }
    ],
    "metric": "sigma_max",
    "rel_err": 597771499849311.6,
    "score": 1.6728800223029734e-15,
    "truth": 1000000.0,
    "value": 5.977714998493126e+20
  },
  "answers": {
    "sigma_max": 5.977714998493126e+20,
    "tip_deflection": 7.660903536969227e-06
  },
  "cfg_id": "cfg-028399df",
  "config": {
    "feature_refine": true,
    "mesher": "hybrid_zoo",
    "order": 1
  },
  "geom_class": {
    "curved_frac": 0.9929078014184397,
    "min_feature_h": 36.10276065378336,
    "thin": false
  },
  "mesh_ms": 409.403749,
  "n_dof": 23382,
  "n_elems": 19922,
  "n_nodes": 7794,
  "part": "icecream_cone",
  "quality": {
    "M1max": 0.0028848426659223297,
    "M2max": 0.0042333131167561835,
    "M6": 1.0,
    "score": 0.6692274457354261
  },
  "solve_ms": 476.213897,
  "status": "ok",
  "tier": 1
}
