{
  "M1max": 0.0003970072149917287,
  "M2max": 0.008396171539676634,
  "M6": 0.02159896046575711,
  "score": 0.5345981827394666
}
