{
  "M1max": 8.498374721940739e-18,
  "M2max": 0.0003626144826571695,
  "M6": 1.0,
  "score": 0.9866759271061611
}
