{
  "M1max": 0.000249995,
  "M2max": 0.0016373995144427383,
  "M6": 1.0,
  "score": 0.8345335700530725
}
