{
  "accuracy": {
    "all": [
      {
        "metric": "scf",
        "rel_err": 1.9019764084139006,
        "score": 0.02561506367826855,
        "truth": 3.0,
        "value": 8.705929225241702
      }
    ],
    "metric": "scf",
    "rel_err": 1.9019764084139006,
    "score": 0.02561506367826855,
    "truth": 3.0,
    "value": 8.705929225241702
  },
  "answers": {
    "sigma_max": 8705929.225241702,
    "tip_deflection": 3.364343324745415e-06
  },
  "cfg_id": "cfg-028399df",
  "config": {
    "feature_refine": true,
    "mesher": "hybrid_zoo",
    "order": 1
  },
  "geom_class": {
    "curved_frac": 0.9,
    "min_feature_h": 3.3334,
    "thin": false
  },
  "mesh_ms": 152.710347,
  "n_dof": 41556,
  "n_elems": 35712,
  "n_nodes": 13852,
  "part": "plate_hole",
  "quality": {
    "M1max": 0.000249995,
    "M2max": 0.0016373995144427383,
    "M6": 1.0,
    "score": 0.8345335700530725
  },
  "solve_ms": 1740.652483,
  "status": "ok",
  "tier": 2
}
