{
  "M1max": 7.152448122690996e-18,
  "M2max": 0.0007961062152623152,
  "M6": 1.0,
  "score": 0.9795232556185703
}
