{
  "M1max": 0.00010527874539103112,
  "M2max": 0.0014046901586184878,
  "M6": 0.04781634455906585,
  "score": 0.7319064825874585
}
