{
  "M1max": 0.0004999999999999999,
  "M2max": 0.00475,
  "M6": 1.0,
  "score": 0.7642857142857142
}
