{
  "M1max": 0.0010081948324401767,
  "M2max": 0.0014426801326740582,
  "M6": 1.0,
  "score": 0.9246161294542614
}
