{
  "M1max": 0.0006673559012503688,
  "M2max": 0.0019371258367998935,
  "M6": 1.0,
  "score": 0.849986487819873
}
