{
  "cfg_id": "cfg-028399df",
  "config": {
    "feature_refine": true,
    "mesher": "hybrid_zoo",
    "order": 1
  },
  "error": "mesh exceeds campaign DOF/elem budget (64266 dof, 60582 elems)",
  "geom_class": {
    "curved_frac": 0.9318181818181818,
    "min_feature_h": 28.551265275628406,
    "thin": false
  },
  "mesh_ms": 34151.512634,
  "n_dof": 64266,
  "n_elems": 60582,
  "n_nodes": 21422,
  "part": "cylinder",
  "quality": {
    "M1max": 0.0006673559012503688,
    "M2max": 0.0019371258367998935,
    "M6": 1.0,
    "score": 0.849986487819873
  },
  "solve_ms": 0.0,
  "status": "over_budget",
  "tier": 0
}
