{
  "M1max": 0.0023799560349794806,
  "M2max": 0.006690991718054943,
  "M6": 1.0,
  "score": 0.6715095469989768
}
