{
  "accuracy": {
    "all": [
      {
        "metric": "sigma_max",
        "rel_err": 97487662856869.81,
        "score": 1.0257708213481099e-14,
        "trusted": true,
        "truth": 1000000.0,
        "value": 9.74876628568708e+19
      }
    ],
    "metric": "sigma_max",
    "rel_err": 97487662856869.81,
    "score": 1.0257708213481099e-14,
    "trusted": true,
    "truth": 1000000.0,
    "value": 9.74876628568708e+19
  },
  "answers": {
    "load_area_rel_err": 0.0,
    "load_face_area": 0.006776661470579476,
    "mean_u_component": -5.423373961849184e-06,
    "n_load_faces": 164,
    "n_probe_nodes": 191,
    "n_quality_excluded": 0,
    "sigma_face_mean": 2016982.6162649984,
    "sigma_max": 9.74876628568708e+19,
    "sigma_p99": 11556697.741683993,
    "strain_energy": 0.018356324295136735,
    "tip_deflection": 8.905023146584942e-06,
    "tip_deflection_max": 1.2288055037327553e-05
  },
  "cfg_id": "cfg-028399df",
  "config": {
    "feature_refine": true,
    "mesher": "hybrid_zoo",
    "order": 1
  },
  "geom_class": {
    "curved_frac": 0.9929078014184397,
    "min_feature_h": 36.10276065378336,
    "thin": false
  },
  "h": 0.016619256929087178,
  "health": {
    "free_residual_rel": 1.1637584738044878e-11,
    "load_area_ok": true,
    "load_area_rel_err": 0.0,
    "n_bc_dofs": 2049,
    "n_orphans": 0,
    "ok": true,
    "reaction_sum_err": 1.7181581795120012e-12
  },
  "mesh_ms": 213.781871,
  "n_dof": 8757,
  "n_elems": 7008,
  "n_elems_over_pred": 2.2688081809828176,
  "n_nodes": 2919,
  "n_pred_elems": 3088.846407881087,
  "part": "icecream_cone",
  "quality": {
    "M1max": 0.0023799560349794806,
    "M2max": 0.006690991718054943,
    "M6": 1.0,
    "score": 0.6715095469989768
  },
  "scorecard": {
    "accuracy_rel_err": 97487662856869.81,
    "chordal_efficiency_max": 6413.1300486839245,
    "edge_hausdorff_over_h": 4.191335650106444,
    "health_ok": true,
    "min_element_quality": 1.0,
    "n_dof": 8757,
    "normal_dev_deg_max": 29.965070358656472,
    "solve_residual_rel": 1.1637584738044878e-11
  },
  "solve_ms": 99.077793,
  "status": "ok",
  "tier": 0
}
