{
  "M1max": 1.3854260627035057e-14,
  "M2max": 0.009229084720141821,
  "M6": 1.0,
  "score": 0.623302664483781
}
