{
  "M1max": 0.0025528082522026825,
  "M2max": 0.0032610114767971147,
  "M6": 1.0,
  "score": 0.6319128212058321
}
