{
  "M1max": 0.025185125787256783,
  "M2max": 0.02525975087911563,
  "M6": 0.012980966890904522,
  "score": 0.0020769547025447236
}
