{
  "M1max": 0.0010096996066845175,
  "M2max": 0.001401130316710357,
  "M6": 1.0,
  "score": 0.9263108670683365
}
