{
  "M1max": 0.04956247297640059,
  "M2max": 0.04962188947377514,
  "M6": 1.0,
  "score": 0.0
}
