{
  "M1max": 0.04987820251299121,
  "M2max": 0.04987820251299121,
  "M6": 1.0,
  "score": 0.0
}
