{
  "M1max": 0.04945111902425625,
  "M2max": 0.049632162324313396,
  "M6": 1.0,
  "score": 0.0
}
