{
  "accuracy": {
    "all": [
      {
        "metric": "strain_energy",
        "rel_err": 0.13927058755684685,
        "score": 0.5185456332318,
        "trusted": true,
        "truth": 0.003926990816987241,
        "value": 0.003380076498575086
      },
      {
        "metric": "tip_deflection",
        "rel_err": 0.12358737573713839,
        "score": 0.548270911974094,
        "trusted": true,
        "truth": 1e-06,
        "value": 8.764126242628616e-07
      }
    ],
    "metric": "strain_energy",
    "rel_err": 0.13927058755684685,
    "score": 0.5185456332318,
    "trusted": true,
    "truth": 0.003926990816987241,
    "value": 0.003380076498575086
  },
  "answers": {
    "load_area_rel_err": 0.0034197922238908838,
    "load_face_area": 0.007880840619292931,
    "mean_u_component": 8.568222215151367e-07,
    "n_load_faces": 423,
    "n_probe_nodes": 288,
    "n_quality_excluded": 0,
    "sigma_face_mean": 953514.3148407933,
    "sigma_max": 0.0,
    "sigma_p99": 1039496.7311249783,
    "strain_energy": 0.003380076498575086,
    "tip_deflection": 8.764126242628616e-07,
    "tip_deflection_max": 9.468467492176456e-07
  },
  "cfg_id": "cfg-1a23c6c0",
  "config": {
    "feature_refine": true,
    "mesher": "cvt_poly",
    "order": 1
  },
  "feature_flags": [],
  "geom_class": {
    "curved_frac": 0.9318181818181818,
    "min_feature_h": 28.577399384028727,
    "n_features_below_h_min": 0,
    "thin": false
  },
  "h": 0.017496378634069814,
  "health": {
    "free_residual_rel": 7.142120298179308e-10,
    "load_area_ok": true,
    "load_area_rel_err": 0.0034197922238908838,
    "n_bc_dofs": 3408,
    "n_orphans": 0,
    "ok": true,
    "reaction_sum_err": 5.88910846657535e-10
  },
  "max_run_wall_s": 900.0,
  "mesh_ms": 58479.13916,
  "mesher_note": "auto h=0.003499 m (extent/16∩diag/28, n_sharp=90, min_feat=0.00698 m, dens×0.92, Rκ≈0.0377, CAD_edge≈0.2)",
  "n_dof": 46317,
  "n_elems": 13517,
  "n_elems_over_pred": 6.033112198166116,
  "n_features_below_h_min": 0,
  "n_nodes": 15439,
  "n_pred_elems": 2240.468858528565,
  "part": "cylinder",
  "quality": {
    "M1max": 0.04987820251299121,
    "M2max": 0.04987820251299121,
    "M6": 1.0,
    "score": 0.0
  },
  "scorecard": {
    "accuracy_rel_err": 0.13927058755684685,
    "chordal_efficiency_max": 1742838.7836457952,
    "edge_hausdorff_over_h": 6.314895760678358,
    "health_ok": true,
    "min_element_quality": 1.0,
    "n_dof": 46317,
    "normal_dev_deg_max": 30.00000000000063,
    "solve_residual_rel": 7.142120298179308e-10
  },
  "solve_ms": 4001.63628,
  "status": "ok",
  "tier": 0,
  "wall_time_s": 64.284331364
}
