{
  "M1max": 0.00013350153698086012,
  "M2max": 0.003521999515835089,
  "M6": 0.21171044847896536,
  "score": 0.6695650928636382
}
