{
  "M1max": 0.0005167215602383798,
  "M2max": 0.008396171539676634,
  "M6": 0.02159896046575711,
  "score": 0.5328693784384204
}
