{
  "M1max": 0.009927088740980534,
  "M2max": 0.006566248678996719,
  "M6": 1.0,
  "score": 0.49823408688624127
}
