{
  "M1max": 0.009927088740980536,
  "M2max": 0.005,
  "M6": 1.0,
  "score": 0.5728173573146564
}
