{
  "M1max": 0.004998346207881533,
  "M2max": 0.005,
  "M6": 1.0,
  "score": 0.6666981674689231
}
