{
  "M1max": 0.009927088741484208,
  "M2max": 0.005,
  "M6": 1.0,
  "score": 0.5728173573050627
}
