{
  "M1max": 0.004999821755296664,
  "M2max": 0.005,
  "M6": 1.0,
  "score": 0.666670061803873
}
