{
  "M1max": 0.009927088741484208,
  "M2max": 0.009927088740980536,
  "M6": 1.0,
  "score": 0.3381940839250372
}
