{
  "accuracy": {
    "all": [
      {
        "metric": "scf",
        "rel_err": 0.5645430328006112,
        "score": 0.150479344548337,
        "trusted": true,
        "truth": 3.0,
        "value": 1.3063709015981662
      }
    ],
    "metric": "scf",
    "rel_err": 0.5645430328006112,
    "score": 0.150479344548337,
    "trusted": true,
    "truth": 3.0,
    "value": 1.3063709015981662
  },
  "answers": {
    "load_area_rel_err": 4.3368086899420177e-16,
    "load_face_area": 0.0010000000000000005,
    "mean_u_component": 8.699984311350882e-07,
    "n_load_faces": 124,
    "n_probe_nodes": 95,
    "n_quality_excluded": 0,
    "sigma_face_mean": 1306370.9015981662,
    "sigma_max": 0.0,
    "sigma_p99": 1503408.4067300104,
    "strain_energy": 0.00043527470012244974,
    "tip_deflection": 8.93302400549961e-07,
    "tip_deflection_max": 9.384759774970801e-07
  },
  "cfg_id": "cfg-1a23c6c0",
  "config": {
    "feature_refine": true,
    "mesher": "cvt_poly",
    "order": 1
  },
  "feature_flags": [
    {
      "edge_id": 0,
      "h_edge": 0.0033333333333333335,
      "h_min": 0.0037499999999999994,
      "length": 0.01,
      "reason": "below_h_min"
    },
    {
      "edge_id": 2,
      "h_edge": 0.0033333333333333335,
      "h_min": 0.0037499999999999994,
      "length": 0.01,
      "reason": "below_h_min"
    },
    {
      "edge_id": 6,
      "h_edge": 0.0033333333333333335,
      "h_min": 0.0037499999999999994,
      "length": 0.01,
      "reason": "below_h_min"
    },
    {
      "edge_id": 11,
      "h_edge": 0.0033333333333333335,
      "h_min": 0.0037499999999999994,
      "length": 0.01,
      "reason": "below_h_min"
    }
  ],
  "geom_class": {
    "curved_frac": 0.9,
    "min_feature_h": 3.3334,
    "n_features_below_h_min": 4,
    "thin": false
  },
  "h": 0.014999999999999998,
  "health": {
    "free_residual_rel": 1.0025838680836634e-09,
    "load_area_ok": true,
    "load_area_rel_err": 4.3368086899420177e-16,
    "n_bc_dofs": 1260,
    "n_orphans": 0,
    "ok": true,
    "reaction_sum_err": 1.7797321988788392e-11
  },
  "max_run_wall_s": 900.0,
  "mesh_ms": 6883.211088,
  "mesher_note": "auto h=0.003 m (extent/16∩diag/28, n_sharp=64, min_feat=0.01 m, dens×0.92, Rκ≈0.0213, CAD_edge≈0.01)",
  "n_dof": 15657,
  "n_elems": 3684,
  "n_elems_over_pred": 10.361011696088601,
  "n_features_below_h_min": 4,
  "n_nodes": 5219,
  "n_pred_elems": 355.56373335537796,
  "part": "plate_hole",
  "quality": {
    "M1max": 0.005,
    "M2max": 0.005,
    "M6": 1.0,
    "score": 0.6666666666666666
  },
  "scorecard": {
    "accuracy_rel_err": 0.5645430328006112,
    "chordal_efficiency_max": 1311844.8080066068,
    "edge_hausdorff_over_h": 3.0199155293809894,
    "health_ok": true,
    "min_element_quality": 1.0,
    "n_dof": 15657,
    "normal_dev_deg_max": 29.981628931839126,
    "solve_residual_rel": 1.0025838680836634e-09
  },
  "solve_ms": 191.305684,
  "status": "ok",
  "tier": 0,
  "wall_time_s": 7.644100616
}
