{
  "accuracy": {
    "all": [
      {
        "metric": "scf",
        "rel_err": 0.5362204901512398,
        "score": 0.0,
        "trusted": false,
        "truth": 3.0,
        "value": 1.3913385295462806
      }
    ],
    "metric": "scf",
    "rel_err": 0.5362204901512398,
    "score": 0.0,
    "trusted": false,
    "truth": 3.0,
    "value": 1.3913385295462806
  },
  "answers": {
    "load_area_rel_err": 1.0291644320085256,
    "load_face_area": 0.0020291644320085257,
    "mean_u_component": 1.2107155253411023e-06,
    "n_load_faces": 94,
    "n_probe_nodes": 77,
    "n_quality_excluded": 0,
    "sigma_face_mean": 1391338.5295462806,
    "sigma_max": 0.0,
    "sigma_p99": 1634515.152500023,
    "strain_energy": 0.0012267372601104387,
    "tip_deflection": 1.2119191289066149e-06,
    "tip_deflection_max": 1.2503664360257463e-06
  },
  "cfg_id": "cfg-1a23c6c0",
  "config": {
    "feature_refine": true,
    "mesher": "cvt_poly",
    "order": 1
  },
  "feature_flags": [
    {
      "edge_id": 0,
      "h_edge": 0.0033333333333333335,
      "h_min": 0.0037499999999999994,
      "length": 0.01,
      "reason": "below_h_min"
    },
    {
      "edge_id": 2,
      "h_edge": 0.0033333333333333335,
      "h_min": 0.0037499999999999994,
      "length": 0.01,
      "reason": "below_h_min"
    },
    {
      "edge_id": 6,
      "h_edge": 0.0033333333333333335,
      "h_min": 0.0037499999999999994,
      "length": 0.01,
      "reason": "below_h_min"
    },
    {
      "edge_id": 11,
      "h_edge": 0.0033333333333333335,
      "h_min": 0.0037499999999999994,
      "length": 0.01,
      "reason": "below_h_min"
    }
  ],
  "geom_class": {
    "curved_frac": 0.9,
    "min_feature_h": 3.3334,
    "n_features_below_h_min": 4,
    "thin": false
  },
  "h": 0.014999999999999998,
  "health": {
    "free_residual_rel": 9.350083959733793e-11,
    "load_area_ok": false,
    "load_area_rel_err": 1.0291644320085256,
    "n_bc_dofs": 297,
    "n_orphans": 0,
    "ok": false,
    "reaction_sum_err": 1.4493273517833984e-11
  },
  "max_run_wall_s": 900.0,
  "mesh_ms": 374.558677,
  "mesher_note": "auto h=0.003 m (extent/16∩diag/28, n_sharp=64, min_feat=0.01 m, dens×0.92, Rκ≈0.0213, CAD_edge≈0.01)",
  "n_dof": 2304,
  "n_elems": 190,
  "n_elems_over_pred": 0.5343627096245479,
  "n_features_below_h_min": 4,
  "n_nodes": 768,
  "n_pred_elems": 355.56373335537796,
  "part": "plate_hole",
  "quality": {
    "M1max": 0.009927088740980536,
    "M2max": 0.005,
    "M6": 1.0,
    "score": 0.5728173573146564
  },
  "scorecard": {
    "accuracy_rel_err": 0.5362204901512398,
    "chordal_efficiency_max": 437350.3546788221,
    "edge_hausdorff_over_h": 2.958816760684494,
    "health_ok": false,
    "min_element_quality": 1.0,
    "n_dof": 2304,
    "normal_dev_deg_max": 29.839482231770837,
    "solve_residual_rel": 9.350083959733793e-11
  },
  "solve_ms": 23.640666,
  "status": "solve_suspect",
  "tier": 0,
  "wall_time_s": 0.476331938
}
