{
  "M1max": 7.842222941774162e-05,
  "M2max": 0.005,
  "M6": 0.1856805279570126,
  "score": 0.6684541288024382
}
