{
  "M1max": 7.757919228897728e-18,
  "M2max": 0.0011667717485019922,
  "M6": 0.05933529675284043,
  "score": 0.8242846784188972
}
