{
  "M1max": 0.0001896870865489028,
  "M2max": 0.00205521236497677,
  "M6": 0.05099899807386071,
  "score": 0.7019978999555634
}
