{
  "M1max": 1.0408340855860843e-17,
  "M2max": 0.0002937924611007248,
  "M6": 1.0,
  "score": 0.9848866570519903
}
