{
  "M1max": 0.0007312070946121559,
  "M2max": 0.001089239683920619,
  "M6": 1.0,
  "score": 0.9194164135296229
}
